Fund Name,P1,P2,P3,P4,P5,Topsis Score,Rank
M1,0.85,0.72,6.8,60.8,17.29,0.5867681741658625,2
M2,0.85,0.72,7.0,44.2,13.19,0.6057021271848508,1
M3,0.65,0.42,4.1,64.5,17.42,0.48085962840584445,8
M4,0.82,0.67,5.8,63.3,17.65,0.5368751967078793,4
M5,0.87,0.76,3.8,39.3,11.18,0.3886601935422272,7
M6,0.89,0.79,3.0,62.4,16.77,0.31766357843724075,3
M7,0.8,0.64,5.5,44.2,12.79,0.5362722307700016,5
M8,0.86,0.74,6.9,66.5,18.75,0.5708081401183135,6
